Fase,Subfase / Actividad,Descripción,Entregables esperados,Indicadores de cumplimiento,Criterios de validación,Responsable,Estado,Fecha de inicio,Fecha de fin,Observaciones
Fase 1,Refactorización código,Eliminar código redundante y mejorar estructura,Código limpio y optimizado,% módulos refactorizados,Código sin duplicidad y funcional,Equipo Dev,En proceso,,,
Fase 1,Estandarización naming,Unificar nombres de eventos y servicios,Guía de naming aplicada,Consistencia en naming,Naming uniforme en todo el sistema,Arquitecto,No iniciado,,,
Fase 1,Separación de capas,"Definir ingesta, procesamiento y publicación",Arquitectura modular,Capas implementadas,Capas desacopladas correctamente,Arquitecto,No iniciado,,,
Fase 2,Definición de eventos,Diseñar esquema de eventos estándar,Modelo de eventos,Eventos documentados,Eventos cumplen estructura definida,Backend,No iniciado,,,
Fase 2,Versionamiento,Implementar versionado de eventos,Eventos versionados,Versiones activas,Compatibilidad entre versiones,Backend,No iniciado,,,
Fase 2,Contratos,Definir contratos de eventos,Schemas definidos,Contratos validados,Validación automática correcta,QA,No iniciado,,,
Fase 3,Retry automático,Implementar reintentos,Sistema resiliente,% eventos reintentados,Eventos recuperados correctamente,Backend,No iniciado,,,
Fase 3,Dead Letter Queue,Capturar errores,Colas DLQ,Errores gestionados,Eventos fallidos almacenados,Backend,No iniciado,,,
Fase 3,Validaciones avanzadas,Validar integridad eventos,Eventos validados,Errores detectados,Validación completa,QA,No iniciado,,,
Fase 4,Métricas,"Medir eventos, latencia y fallos",Dashboard actualizado,KPIs definidos,Datos visibles y correctos,Data/BI,No iniciado,,,
Fase 4,Trazabilidad,Seguimiento de eventos,Tracking activo,Eventos rastreables,Trazabilidad completa,QA,No iniciado,,,
Fase 5,API Gateway,Crear capa API,Gateway funcional,APIs disponibles,Endpoints responden correctamente,Backend,No iniciado,,,
Fase 5,Seguridad,Autenticación y autorización,Sistema seguro,Accesos controlados,Pruebas de seguridad OK,Seguridad,No iniciado,,,
Fase 6,Multi-tenancy,Separación por cliente,Sistema multiusuario,Clientes aislados,Datos segregados correctamente,Arquitecto,No iniciado,,,
Fase 7,Planes servicio,Definir modelo comercial,Planes definidos,Planes documentados,Modelo viable,PM,No iniciado,,,
Fase 7,Documentación,Generar documentación técnica,Docs completas,Docs disponibles,Documentación clara,PM,No iniciado,,,
Fase 8,Simulación,Probar en escenarios reales,Casos simulados,Escenarios ejecutados,Resultados válidos,QA,No iniciado,,,
Fase 8,Medición,Evaluar latencia y consistencia,Reportes métricos,KPIs medidos,Cumple umbrales definidos,QA,No iniciado,,,